period,mcfi_index,premium_vs_model_pct,mcfi_usd,fundamental_cost_usd,baku_midpoint_usd,turkey_midpoint_usd,type,observed_routes,confidence,basis,source_url
2024-12,186.8,86.8,7600,4068,6450,8750,observed,2,high,Argus Jan-2025 report explicitly states both January ranges were unchanged from December.,https://view.argusmedia.com/rs/584-BUW-606/images/Argus_Caspian_Transportation_RU_2025_01_31.pdf
2025-01,177.6,77.6,7600,4280,6450,8750,observed,2,high,Direct Argus market ranges for both core routes.,https://view.argusmedia.com/rs/584-BUW-606/images/Argus_Caspian_Transportation_RU_2025_01_31.pdf
2025-03,168.8,68.8,7225,4280,6200,8250,observed,2,high,April Argus assessment states both ranges were unchanged from March.,https://view.argusmedia.com/rs/584-BUW-606/images/Trans_Caspian_container_shipments.pdf
2025-04,168.8,68.8,7225,4280,6200,8250,observed,2,high,Direct Argus market ranges for both core routes.,https://view.argusmedia.com/rs/584-BUW-606/images/Trans_Caspian_container_shipments.pdf
2025-05,163.6,63.6,7000,4280,5950,8050,observed,2,high,Direct Argus market ranges for both core routes.,https://view.argusmedia.com/rs/584-BUW-606/images/Argus_Caspian_Transportation_c.pdf
2025-06,158.9,58.9,6800,4280,5650,7950,observed,2,high,Direct Argus market ranges for both core routes.,https://view.argusmedia.com/rs/584-BUW-606/images/Argus_Caspian_Transportation_2025_06_27.pdf
2025-08,145.4,45.4,6225,4280,5650,6800,observed,2,high,September Argus update gives August comparator ranges for both core routes.,https://www.argusmedia.com/ru/news-and-insights/latest-market-news/2738209-konteynernye-perevozki-cherez-kaspiy-desheveyut
2025-09,143.4,43.4,6138,4280,5650,6625,observed,2,high,Direct Argus market ranges for both core routes.,https://www.argusmedia.com/ru/news-and-insights/latest-market-news/2738209-konteynernye-perevozki-cherez-kaspiy-desheveyut
2025-10,137.4,37.4,5950,4330,5375,6525,observed,2,high,Direct Argus market ranges for both core routes.,https://view.argusmedia.com/rs/584-BUW-606/images/Argus_Caspian_Transportation_2025_10_31.pdf
2025-11,137.4,37.4,5950,4330,5375,6525,observed,2,high,December/late-November Argus reporting states these ranges were unchanged from October.,https://www.argusmedia.com/ru/news-and-insights/latest-market-news/2761773-konteynernye-perevozki-cherez-kaspiy-podorozhayut
2025-12,144.9,44.9,6275,4330,5550,7000,observed,2,high,January-2026 Argus update gives December comparator ranges for both routes.,https://www.argusmedia.com/es/news-and-insights/latest-market-news/2788416-konteynernye-perevozki-cherez-kaspiy-dorozhayut
2026-01,149,49,6450,4330,5700,7200,observed,2,high,Direct Argus market ranges for both core routes.,https://www.argusmedia.com/es/news-and-insights/latest-market-news/2788416-konteynernye-perevozki-cherez-kaspiy-dorozhayut
2026-02,151.8,51.8,6575,4330,5950,7200,observed,2,high,March Argus update gives February Baku range and states Turkey was unchanged.,https://www.argusmedia.com/ru/news-and-insights/latest-market-news/2809389-stoimost-konteynernyh-perevozok-cherez-kaspiy-vyrosla
2026-03,155.3,55.3,6725,4330,6250,7200,observed,2,high,Direct Argus market ranges for both core routes.,https://www.argusmedia.com/ru/news-and-insights/latest-market-news/2809389-stoimost-konteynernyh-perevozok-cherez-kaspiy-vyrosla
2026-04,159.9,59.9,6925,4330,6500,7350,observed,2,high,Direct Argus market ranges for both core routes.,https://www.argusmedia.com/de/news-and-insights/latest-market-news/2822243-konteynernye-perevozki-cherez-kaspiy-dorozhayut
2026-05,161.7,61.7,7000,4330,6600,7400,observed,2,high,June market update gives May comparator ranges for both routes.,https://www.tylla-nal.com/en/news/57
2026-06,163.7,63.7,7088,4330,6675,7500,observed,2,high,Direct June market ranges for both core routes.,https://www.tylla-nal.com/en/news/57
2026-07,166.3,66.3,7200,4330,6850,7550,observed,2,medium-high,Official Argus channel reports July ranges for both core routes.,https://t.me/s/argus_price_agency?before=1622
2026-08,166.9,66.9,7225,4330,6900,7550,observed,2,medium-high,September Argus update states August comparator ranges for both core routes.,https://anews.az/en/ekonomika/527577/caspian-container-shipping-rates-rise-in-september/
2026-09,168.3,68.3,7288,4330,6975,7600,observed,2,medium-high,Latest public market update reports both core route ranges.,https://anews.az/en/ekonomika/527577/caspian-container-shipping-rates-rise-in-september/
