date,period,route,origin,destination,container,ownership,low_usd,high_usd,midpoint_usd,scope,primary_eligible,grade,evidence_type,source_name,source_url,notes
2024-01-01,2024,Altynkol → Aktau → Alat/Baku → Batumi → Constanta,Altynkol,Constanta,FEU,unspecified,3948,3948,3948.0,Comparator — border-to-border fixed tariff,False,A-,fixed tariff,TITR / ERAI-Index1520,https://index1520.com/upload/medialibrary/c1a/h914jj1ibcbwxh7n7a9iix89eilcb8ta/en310125_TITR.pdf,"Fixed 2024 border-to-border tariff. Different origin and destination basis, so not in MCFI Core."
2024-04-02,2024-04,Kazakhstan–China border → Batumi,Kazakhstan-China border,Batumi,40 ft,unspecified,3100,3100,3100.0,Comparator — fixed tariff,False,B+,fixed tariff,Trend / TITR tariff reporting,https://www.trend.az/business/transport/3880349.html,"Useful 2024 corridor cost point, but not Xi’an-origin and not MCFI destination."
2024-09-06,2024-09,Shanghai → Poti,Shanghai,Poti,40 ft,unspecified,7980,7980,7980.0,Comparator — promotional provider rate,False,B,provider tariff,Maersk promotional rate reported by Eurasian Star,https://www.eurasianstar.com/maersk-offers-rail-sea-shipping-service-along-trans-caspian-transport-route/,Provider promotion; different origin and destination from the core basket.
2024-12,2024-12,Xi’an → Absheron/Baku,Xi’an,Baku,40HC,unspecified,6400,6500,6450.0,Core market assessment,True,A,market assessment,Argus Caspian Transportation,https://view.argusmedia.com/rs/584-BUW-606/images/Argus_Caspian_Transportation_RU_2025_01_31.pdf,"December range recovered from January report, which states the January rate was unchanged from December."
2024-12,2024-12,Xi’an → Mersin/Ambarli,Xi’an,Turkey,40HC,unspecified,8500,9000,8750.0,Core market assessment,True,A,market assessment,Argus Caspian Transportation,https://view.argusmedia.com/rs/584-BUW-606/images/Argus_Caspian_Transportation_RU_2025_01_31.pdf,"December range recovered from January report, which states the January rate was unchanged from December."
2025-01,2025-01,Xi’an → Absheron/Baku,Xi’an,Baku,40HC,unspecified,6400,6500,6450.0,Core market assessment,True,A,market assessment,Argus Caspian Transportation,https://view.argusmedia.com/rs/584-BUW-606/images/Argus_Caspian_Transportation_RU_2025_01_31.pdf,Direct January assessment.
2025-01,2025-01,Xi’an → Mersin/Ambarli,Xi’an,Turkey,40HC,unspecified,8500,9000,8750.0,Core market assessment,True,A,market assessment,Argus Caspian Transportation,https://view.argusmedia.com/rs/584-BUW-606/images/Argus_Caspian_Transportation_RU_2025_01_31.pdf,Direct January assessment.
2025-03,2025-03,Xi’an → Absheron/Baku,Xi’an,Baku,40HC,unspecified,6150,6250,6200.0,Core market assessment,True,A,market assessment,Argus Caspian Transportation,https://view.argusmedia.com/rs/584-BUW-606/images/Trans_Caspian_container_shipments.pdf,Recovered from April statement that the range was unchanged from March.
2025-03,2025-03,Xi’an → Mersin/Ambarli,Xi’an,Turkey,40HC,unspecified,8000,8500,8250.0,Core market assessment,True,A,market assessment,Argus Caspian Transportation,https://view.argusmedia.com/rs/584-BUW-606/images/Trans_Caspian_container_shipments.pdf,Recovered from April statement that the range was unchanged from March.
2025-04,2025-04,Xi’an → Absheron/Baku,Xi’an,Baku,40HC,unspecified,6150,6250,6200.0,Core market assessment,True,A,market assessment,Argus Caspian Transportation,https://view.argusmedia.com/rs/584-BUW-606/images/Trans_Caspian_container_shipments.pdf,Direct April market assessment.
2025-04,2025-04,Xi’an → Mersin/Ambarli,Xi’an,Turkey,40HC,unspecified,8000,8500,8250.0,Core market assessment,True,A,market assessment,Argus Caspian Transportation,https://view.argusmedia.com/rs/584-BUW-606/images/Trans_Caspian_container_shipments.pdf,Direct April market assessment.
2025-04,2025-04,Xi’an → Poti/Tbilisi (Maersk),Xi’an,Poti/Tbilisi,40HC,unspecified,5700,5700,5700.0,Auxiliary route — provider tariff,False,B+,provider tariff,Argus / Maersk tariff table,https://view.argusmedia.com/rs/584-BUW-606/images/Trans_Caspian_container_shipments.pdf,"Auxiliary route, not part of MCFI-40 Core."
2025-05,2025-05,Xi’an → Absheron/Baku,Xi’an,Baku,40HC,unspecified,5900,6000,5950.0,Core market assessment,True,A,market assessment,Argus Caspian Transportation,https://view.argusmedia.com/rs/584-BUW-606/images/Argus_Caspian_Transportation_c.pdf,Direct May market assessment.
2025-05,2025-05,Xi’an → Mersin/Ambarli,Xi’an,Turkey,40HC,unspecified,7800,8300,8050.0,Core market assessment,True,A,market assessment,Argus Caspian Transportation,https://view.argusmedia.com/rs/584-BUW-606/images/Argus_Caspian_Transportation_c.pdf,Direct May market assessment.
2025-06,2025-06,Xi’an → Absheron/Baku,Xi’an,Baku,40HC,unspecified,5600,5700,5650.0,Core market assessment,True,A,market assessment,Argus Caspian Transportation,https://view.argusmedia.com/rs/584-BUW-606/images/Argus_Caspian_Transportation_2025_06_27.pdf,Direct June market assessment.
2025-06,2025-06,Xi’an → Mersin/Ambarli,Xi’an,Turkey,40HC,unspecified,7700,8200,7950.0,Core market assessment,True,A,market assessment,Argus Caspian Transportation,https://view.argusmedia.com/rs/584-BUW-606/images/Argus_Caspian_Transportation_2025_06_27.pdf,Direct June market assessment.
2025-06,2025-06,Xi’an → Poti/Tbilisi,Xi’an,Poti/Tbilisi,40HC,unspecified,5600,5600,5600.0,Auxiliary route — market/provider context,False,A-,market assessment,Argus Caspian Transportation,https://view.argusmedia.com/rs/584-BUW-606/images/Argus_Caspian_Transportation_2025_06_27.pdf,"Auxiliary route monitor, not part of MCFI-40 Core."
2025-07,2025-07,Xi’an → Ambarli (Maersk),Xi’an,Ambarli,40HC,unspecified,6100,6100,6100.0,Context — single-carrier tariff,False,B+,provider tariff,Argus report reproducing Maersk July tariff,https://view.argusmedia.com/rs/584-BUW-606/images/Argus_Caspian_Transportation_2025_06_27.pdf,"Single-carrier tariff, retained as context only; not substituted for a missing market assessment."
2025-07,2025-07,Xi’an → Absheron/Baku,Xi’an,Baku,40HC,unspecified,5600,5700,5650.0,Core market assessment — partial month coverage,True,A-,market assessment,Argus Caspian Transportation,https://view.argusmedia.com/rs/584-BUW-606/images/Argus_Caspian_Transportation_2025_06_27.pdf,"July expected/market level supported by June assessment; no comparable Turkey market range located, so no MCFI is published for July."
2025-08,2025-08,Xi’an → Absheron/Baku,Xi’an,Baku,40HC,unspecified,5600,5700,5650.0,Core market assessment,True,A,market assessment,Argus Caspian Transportation,https://www.argusmedia.com/ru/news-and-insights/latest-market-news/2738209-konteynernye-perevozki-cherez-kaspiy-desheveyut,August comparator stated in September assessment.
2025-08,2025-08,Xi’an → Mersin/Ambarli,Xi’an,Turkey,40HC,unspecified,6050,7550,6800.0,Core market assessment,True,A,market assessment,Argus Caspian Transportation,https://www.argusmedia.com/ru/news-and-insights/latest-market-news/2738209-konteynernye-perevozki-cherez-kaspiy-desheveyut,August comparator stated in September assessment.
2025-09,2025-09,Xi’an → Absheron/Baku,Xi’an,Baku,40HC,unspecified,5600,5700,5650.0,Core market assessment,True,A,market assessment,Argus Caspian Transportation,https://www.argusmedia.com/ru/news-and-insights/latest-market-news/2738209-konteynernye-perevozki-cherez-kaspiy-desheveyut,Direct September market assessment.
2025-09,2025-09,Xi’an → Mersin/Ambarli,Xi’an,Turkey,40HC,unspecified,5800,7450,6625.0,Core market assessment,True,A,market assessment,Argus Caspian Transportation,https://www.argusmedia.com/ru/news-and-insights/latest-market-news/2738209-konteynernye-perevozki-cherez-kaspiy-desheveyut,Direct September market assessment.
2025-10,2025-10,Xi’an → Absheron/Baku,Xi’an,Baku,40HC,unspecified,5350,5400,5375.0,Core market assessment,True,A,market assessment,Argus Caspian Transportation,https://view.argusmedia.com/rs/584-BUW-606/images/Argus_Caspian_Transportation_2025_10_31.pdf,Direct October market assessment.
2025-10,2025-10,Xi’an → Mersin/Ambarli,Xi’an,Turkey,40HC,unspecified,5800,7250,6525.0,Core market assessment,True,A,market assessment,Argus Caspian Transportation,https://view.argusmedia.com/rs/584-BUW-606/images/Argus_Caspian_Transportation_2025_10_31.pdf,Direct October market assessment.
2025-11,2025-11,Xi’an → Absheron/Baku,Xi’an,Baku,40HC,unspecified,5350,5400,5375.0,Core market assessment,True,A,market assessment,Argus Caspian Transportation,https://www.argusmedia.com/ru/news-and-insights/latest-market-news/2761773-konteynernye-perevozki-cherez-kaspiy-podorozhayut,Reported as unchanged from October.
2025-11,2025-11,Xi’an → Mersin/Ambarli,Xi’an,Turkey,40HC,unspecified,5800,7250,6525.0,Core market assessment,True,A,market assessment,Argus Caspian Transportation,https://www.argusmedia.com/ru/news-and-insights/latest-market-news/2761773-konteynernye-perevozki-cherez-kaspiy-podorozhayut,Reported as unchanged from October.
2025-12,2025-12,Xi’an → Absheron/Baku,Xi’an,Baku,40HC,unspecified,5500,5600,5550.0,Core market assessment,True,A,market assessment,Argus Caspian Transportation,https://www.argusmedia.com/es/news-and-insights/latest-market-news/2788416-konteynernye-perevozki-cherez-kaspiy-dorozhayut,December comparator stated in January-2026 assessment.
2025-12,2025-12,Xi’an → Mersin/Ambarli,Xi’an,Turkey,40HC,unspecified,6500,7500,7000.0,Core market assessment,True,A,market assessment,Argus Caspian Transportation,https://www.argusmedia.com/es/news-and-insights/latest-market-news/2788416-konteynernye-perevozki-cherez-kaspiy-dorozhayut,December comparator stated in January-2026 assessment.
2026-01,2026-01,Xi’an → Alat/Absheron (Baku),Xi’an,Baku,40HC,unspecified,5500,5900,5700.0,Core market assessment,True,A,market assessment,Argus / market participants,https://www.argusmedia.com/es/news-and-insights/latest-market-news/2788416-konteynernye-perevozki-cherez-kaspiy-dorozhayut,Direct January market assessment.
2026-01,2026-01,Xi’an → Mersin/Ambarli,Xi’an,Turkey,40HC,unspecified,6700,7700,7200.0,Core market assessment,True,A,market assessment,Argus / market participants,https://www.argusmedia.com/es/news-and-insights/latest-market-news/2788416-konteynernye-perevozki-cherez-kaspiy-dorozhayut,Direct January market assessment.
2026-02,2026-02,Xi’an → Alat/Absheron (Baku),Xi’an,Baku,40HC,unspecified,5700,6200,5950.0,Core market assessment,True,A,market assessment,Argus / market participants,https://www.argusmedia.com/ru/news-and-insights/latest-market-news/2809389-stoimost-konteynernyh-perevozok-cherez-kaspiy-vyrosla,February comparator recovered from March assessment; Turkey unchanged.
2026-02,2026-02,Xi’an → Mersin/Ambarli,Xi’an,Turkey,40HC,unspecified,6700,7700,7200.0,Core market assessment,True,A,market assessment,Argus / market participants,https://www.argusmedia.com/ru/news-and-insights/latest-market-news/2809389-stoimost-konteynernyh-perevozok-cherez-kaspiy-vyrosla,February comparator recovered from March assessment; Turkey unchanged.
2026-03,2026-03,Xi’an → Alat/Absheron (Baku),Xi’an,Baku,40HC,unspecified,6000,6500,6250.0,Core market assessment,True,A,market assessment,Argus / market participants,https://www.argusmedia.com/ru/news-and-insights/latest-market-news/2809389-stoimost-konteynernyh-perevozok-cherez-kaspiy-vyrosla,Direct March market assessment.
2026-03,2026-03,Xi’an → Mersin/Ambarli,Xi’an,Turkey,40HC,unspecified,6700,7700,7200.0,Core market assessment,True,A,market assessment,Argus / market participants,https://www.argusmedia.com/ru/news-and-insights/latest-market-news/2809389-stoimost-konteynernyh-perevozok-cherez-kaspiy-vyrosla,Direct March market assessment.
2026-04,2026-04,Xi’an → Alat/Absheron (Baku),Xi’an,Baku,40HC,unspecified,6300,6700,6500.0,Core market assessment,True,A,market assessment,Argus / market participants,https://www.argusmedia.com/de/news-and-insights/latest-market-news/2822243-konteynernye-perevozki-cherez-kaspiy-dorozhayut,Direct April market assessment.
2026-04,2026-04,Xi’an → Mersin/Ambarli,Xi’an,Turkey,40HC,unspecified,7000,7700,7350.0,Core market assessment,True,A,market assessment,Argus / market participants,https://www.argusmedia.com/de/news-and-insights/latest-market-news/2822243-konteynernye-perevozki-cherez-kaspiy-dorozhayut,Direct April market assessment.
2026-05,2026-05,Xi’an → Alat/Absheron (Baku),Xi’an,Baku,40HC,unspecified,6400,6800,6600.0,Core market assessment,True,A,market assessment,Tylla / market participants,https://www.tylla-nal.com/en/news/57,May comparator stated in June update.
2026-05,2026-05,Xi’an → Mersin/Ambarli,Xi’an,Turkey,40HC,unspecified,7000,7800,7400.0,Core market assessment,True,A,market assessment,Tylla / market participants,https://www.tylla-nal.com/en/news/57,May comparator stated in June update.
2026-06,2026-06,Xi’an → Alat/Absheron (Baku),Xi’an,Baku,40HC,unspecified,6450,6900,6675.0,Core market assessment,True,A,market assessment,Tylla / market participants,https://www.tylla-nal.com/en/news/57,Direct June market assessment.
2026-06,2026-06,Xi’an → Mersin/Ambarli,Xi’an,Turkey,40HC,unspecified,7100,7900,7500.0,Core market assessment,True,A,market assessment,Tylla / market participants,https://www.tylla-nal.com/en/news/57,Direct June market assessment.
2026-06,2026-06,Xi’an → Poti/Tbilisi,Xi’an,Poti/Tbilisi,40HC,unspecified,6800,7100,6950.0,Auxiliary route — market assessment,False,A-,market assessment,Tylla / market participants,https://www.tylla-nal.com/en/news/57,"Auxiliary route, deliberately excluded from core because long-run monthly coverage is less complete."
2026-07,2026-07,Xi’an → Alat/Absheron (Baku),Xi’an,Baku,40HC,unspecified,6600,7100,6850.0,Core market assessment,True,A-,market assessment,Argus / market participants,https://t.me/s/argus_price_agency?before=1622,Official Argus July market update.
2026-07,2026-07,Xi’an → Mersin/Ambarli,Xi’an,Turkey,40HC,unspecified,7200,7900,7550.0,Core market assessment,True,A-,market assessment,Argus / market participants,https://t.me/s/argus_price_agency?before=1622,Official Argus July market update.
2026-07,2026-07,Xi’an → Poti/Tbilisi,Xi’an,Poti/Tbilisi,40HC,unspecified,6900,7200,7050.0,Auxiliary route — market assessment,False,A-,market assessment,Argus official channel,https://t.me/s/argus_price_agency?before=1622,"Auxiliary route, deliberately excluded from core."
2026-08,2026-08,Xi’an → Baku,Xi’an,Baku,40HQ,SOC,5000,5000,5000.0,Context — single-provider station-to-station rate,False,B,provider tariff,WideSafe public rate card,https://widesafe.com/news_en,Public SOC 40HQ provider snapshot. Not used as MCFI because it is a single provider rather than a market assessment.
2026-08,2026-08,Xi’an → Mersin/Istanbul,Xi’an,Turkey,40HQ,SOC,4700,4700,4700.0,Context — single-provider indicative rate,False,B-,provider tariff,WideSafe public rate card,https://widesafe.com/news_en,"Published as $4,700+; stored at the stated floor and excluded from MCFI."
2026-08,2026-08,Xi’an → Poti,Xi’an,Poti,40HQ,SOC,4400,4400,4400.0,Auxiliary — single-provider rate,False,B,provider tariff,WideSafe public rate card,https://widesafe.com/news_en,Single-provider snapshot; context only.
2026-08,2026-08,Xi’an → Tbilisi,Xi’an,Tbilisi,40HQ,SOC,4200,4200,4200.0,Auxiliary — single-provider rate,False,B,provider tariff,WideSafe public rate card,https://widesafe.com/news_en,Single-provider snapshot; context only.
